<?xml version="1.0" encoding="UTF-8"?><?xml-stylesheet type='text/xsl' href='_UpgradeReport_Files/UpgradeReport.xslt'?><UpgradeLog>
<Properties><Property Name="Solution" Value="Wpf3DTest">
</Property><Property Name="Solution File" Value="C:\Users\Dewor\Documents\Visual Studio 2010\Projects\Wpf3DTest\Wpf3DTest.sln">
</Property><Property Name="User Options File" Value="C:\Users\Dewor\Documents\Visual Studio 2010\Projects\Wpf3DTest\Wpf3DTest.suo">
</Property><Property Name="Date" Value="21 maja 2012">
</Property><Property Name="Time" Value="20:01">
</Property></Properties><Event ErrorLevel="0" Project="" Source="Wpf3DTest.sln" Description="File successfully backed up as C:\Users\Dewor\Documents\Visual Studio 2010\Projects\Wpf3DTest\Backup\Wpf3DTest.sln">
</Event><Event ErrorLevel="0" Project="" Source="Wpf3DTest.suo" Description="File successfully backed up as C:\Users\Dewor\Documents\Visual Studio 2010\Projects\Wpf3DTest\Backup\Wpf3DTest.suo">
</Event><Event ErrorLevel="0" Project="Wpf3DTest" Source="Wpf3DTest\Wpf3DTest.csproj" Description="Project file successfully backed up as C:\Users\Dewor\Documents\Visual Studio 2010\Projects\Wpf3DTest\Backup\Wpf3DTest\Wpf3DTest.csproj">
</Event><Event ErrorLevel="0" Project="Wpf3DTest" Source="Wpf3DTest\Wpf3DTest.csproj.user" Description="Project user file successfully backed up as C:\Users\Dewor\Documents\Visual Studio 2010\Projects\Wpf3DTest\Backup\Wpf3DTest\Wpf3DTest.csproj.user">
</Event><Event ErrorLevel="0" Project="Wpf3DTest" Source="Wpf3DTest\App.xaml.cs" Description="File successfully backed up as C:\Users\Dewor\Documents\Visual Studio 2010\Projects\Wpf3DTest\Backup\Wpf3DTest\App.xaml.cs">
</Event><Event ErrorLevel="0" Project="Wpf3DTest" Source="Wpf3DTest\MainWindow.xaml.cs" Description="File successfully backed up as C:\Users\Dewor\Documents\Visual Studio 2010\Projects\Wpf3DTest\Backup\Wpf3DTest\MainWindow.xaml.cs">
</Event><Event ErrorLevel="0" Project="Wpf3DTest" Source="Wpf3DTest\Properties\AssemblyInfo.cs" Description="File successfully backed up as C:\Users\Dewor\Documents\Visual Studio 2010\Projects\Wpf3DTest\Backup\Wpf3DTest\Properties\AssemblyInfo.cs">
</Event><Event ErrorLevel="0" Project="Wpf3DTest" Source="Wpf3DTest\Properties\Resources.Designer.cs" Description="File successfully backed up as C:\Users\Dewor\Documents\Visual Studio 2010\Projects\Wpf3DTest\Backup\Wpf3DTest\Properties\Resources.Designer.cs">
</Event><Event ErrorLevel="0" Project="Wpf3DTest" Source="Wpf3DTest\Properties\Settings.Designer.cs" Description="File successfully backed up as C:\Users\Dewor\Documents\Visual Studio 2010\Projects\Wpf3DTest\Backup\Wpf3DTest\Properties\Settings.Designer.cs">
</Event><Event ErrorLevel="0" Project="Wpf3DTest" Source="Wpf3DTest\Properties\Settings.settings" Description="File successfully backed up as C:\Users\Dewor\Documents\Visual Studio 2010\Projects\Wpf3DTest\Backup\Wpf3DTest\Properties\Settings.settings">
</Event><Event ErrorLevel="0" Project="Wpf3DTest" Source="Wpf3DTest\Properties\Resources.resx" Description="File successfully backed up as C:\Users\Dewor\Documents\Visual Studio 2010\Projects\Wpf3DTest\Backup\Wpf3DTest\Properties\Resources.resx">
</Event><Event ErrorLevel="0" Project="Wpf3DTest" Source="Wpf3DTest\App.xaml" Description="File successfully backed up as C:\Users\Dewor\Documents\Visual Studio 2010\Projects\Wpf3DTest\Backup\Wpf3DTest\App.xaml">
</Event><Event ErrorLevel="0" Project="Wpf3DTest" Source="Wpf3DTest\MainWindow.xaml" Description="File successfully backed up as C:\Users\Dewor\Documents\Visual Studio 2010\Projects\Wpf3DTest\Backup\Wpf3DTest\MainWindow.xaml">
</Event><Event ErrorLevel="0" Project="Wpf3DTest" Source="Wpf3DTest\Wpf3DTest.csproj" Description="Project converted successfully">
</Event><Event ErrorLevel="3" Project="Wpf3DTest" Source="Wpf3DTest\Wpf3DTest.csproj" Description="Converted">
</Event><Event ErrorLevel="0" Project="" Source="Wpf3DTest.sln" Description="Solution converted successfully">
</Event><Event ErrorLevel="3" Project="" Source="Wpf3DTest.sln" Description="Converted">
</Event><Event ErrorLevel="0" Project="Wpf3DTest" Source="Wpf3DTest\Wpf3DTest.csproj" Description="Scan complete: Upgrade not required for project files.">
</Event></UpgradeLog>